host echo Building Oracle demonstration tables.  Please wait.
--set termout off
set define off
DROP TABLE EMP cascade constraints purge;
DROP TABLE DEPT cascade constraints purge;
DROP TABLE BONUS cascade constraints purge;
DROP TABLE SALGRADE cascade constraints purge;
DROP TABLE DUMMY cascade constraints purge;
DROP TABLE ITEM cascade constraints purge;
DROP TABLE PRICE cascade constraints purge;
DROP TABLE PRODUCT cascade constraints purge;
DROP TABLE ORD cascade constraints purge;
DROP TABLE CUSTOMER cascade constraints purge;
DROP TABLE EMP1 cascade constraints purge;
DROP TABLE EMP2 cascade constraints purge;
DROP TABLE DEPT1 cascade constraints purge;
DROP TABLE DEPT2 cascade constraints purge;
DROP TABLE DEPT3 cascade constraints purge;
DROP TABLE regexp cascade constraints purge;
DROP TABLE temp1 cascade constraints purge;
DROP TABLE SORT cascade constraints purge;
DROP TABLE Location cascade constraints purge;
DROP TYPE LOCATIONTYPE cascade constraints purge;
DROP TYPE VLOCATION cascade constraints purge;
DROP TABLE NEW cascade constraints purge;
DROP TABLE BLANKTABLE cascade constraints purge;
DROP TABLE TableA cascade constraints purge;
DROP TABLE TableB cascade constraints purge;
DROP TABLE NEAREST cascade constraints purge;
DROP TABLE HOBBY cascade constraints purge;
DROP TABLE DEMODEPT1 cascade constraints purge;
DROP TABLE DEMODEPT2 cascade constraints purge;
DROP TABLE COALESCE cascade constraints purge;
DROP TABLE DUPLICATE cascade constraints purge;
DROP TABLE NULLIF cascade constraints purge;
DROP TABLE STATUS cascade constraints purge;
DROP TABLE SALESPERSON cascade constraints purge;
DROP TABLE MENUCARD cascade constraints purge;
DROP TABLE SOFTDRINK cascade constraints purge;
DROP TABLE SETA cascade constraints purge;
DROP TABLE SETB cascade constraints purge;
DROP TABLE STATES cascade constraints purge;
DROP TABLE STATION cascade constraints purge;
DROP TABLE Z cascade constraints purge;
DROP TABLE r1 cascade constraints purge;
DROP TABLE r2 cascade constraints purge;

DROP VIEW SALES;
DROP SEQUENCE ORDID;
DROP SEQUENCE CUSTID;
DROP SEQUENCE PRODID;
--alter session set nls_date_format='dd-Mon-rrrr hh24:mi:ss';

CREATE TABLE r1 (c1 number);
insert into r1 values(1);
insert into r1 values(2);
insert into r1 values(3);
insert into r1 values(4);

CREATE TABLE r2 (c1 number, c2 VARCHAR2(10));
insert into r2 values(1,'a');
insert into r2 values(2,'b');
insert into r2 values(1,'c');
insert into r2 values(3,'d');
insert into r2 values(2,'e');
insert into r2 values(1,'f');


CREATE TABLE Z (C1 CHAR);
INSERT INTO Z VALUES('X');
INSERT INTO Z VALUES('y');


CREATE TABLE SALESPERSON (SID NUMBER, SNAME VARCHAR2 (10));

insert all
 into SALESPERSON values(1001,'ALAN')
 into SALESPERSON values(1002,'CALVIN')
 into SALESPERSON values(1003,'CLIVE')
 into SALESPERSON values(1004,'DENNIS')
 into SALESPERSON values(1005,'EVAN')
 into SALESPERSON values(1006,'FOX')
 into SALESPERSON values(1007,'PETER')
select * from dual;

CREATE TABLE STATES (STATEID VARCHAR2(2), STATENAME VARCHAR2(20));

INSERT ALL
INTO STATES VALUES ('AK','Alaska')
INTO STATES VALUES ('AL','Alabama')
INTO STATES VALUES ('AR','Arkansas')
INTO STATES VALUES ('AZ','Arizona')
INTO STATES VALUES ('CA','California')
INTO STATES VALUES ('CO','Colorado')
INTO STATES VALUES ('CT','Connecticut')
INTO STATES VALUES ('FL','Florida')
INTO STATES VALUES ('GA','Georgia')
INTO STATES VALUES ('GU',NULL)
INTO STATES VALUES ('HI','Hawaii')
INTO STATES VALUES ('IA','Iowa')
INTO STATES VALUES ('ID','Idaho')
INTO STATES VALUES ('IL','Illinois')
INTO STATES VALUES ('IN','Indiana')
INTO STATES VALUES ('KS','Kansas')
INTO STATES VALUES ('KY','Kentucky')
INTO STATES VALUES ('LA','Louisiana')
INTO STATES VALUES ('MA','Massachusetts')
INTO STATES VALUES ('MD','Maryland')
INTO STATES VALUES ('ME','Maine')
INTO STATES VALUES ('MI','Michigan')
INTO STATES VALUES ('MN','Minnesota')
INTO STATES VALUES ('MO','Missouri')
INTO STATES VALUES ('MS','Mississippi')
INTO STATES VALUES ('MT','Montana')
INTO STATES VALUES ('NV','Nevada')
INTO STATES VALUES ('NJ','New Jersey')
INTO STATES VALUES ('NM','New Mexico')
INTO STATES VALUES ('NY','New York')
INTO STATES VALUES ('OH','Ohio')
INTO STATES VALUES ('PA','Pennsylvania')
INTO STATES VALUES ('WA','Washington')
SELECT * FROM Dual;

CREATE TABLE STATION
    (ID NUMBER,
    CITY VARCHAR2(21),
    STATE VARCHAR2(2),
    LAT_N NUMBER,
    LONG_W NUMBER);

INSERT ALL
INTO STATION VALUES (794,'Kissee Mills','MO',140,73) 
INTO STATION VALUES (824,'Loma Mar','CA',49,131)
INTO STATION VALUES (603,'Sandy Hook','CT',72,148)
INTO STATION VALUES (478,'Tipton','IN',34,98)
INTO STATION VALUES (619,'Arlington','CO',75,93)
INTO STATION VALUES (711,'Turner','AR',50,101)
INTO STATION VALUES (839,'Slidell','LA',85,152)
INTO STATION VALUES (411,'Negreet','LA',99,105)
INTO STATION VALUES (588,'Glencoe','KY',46,136)
INTO STATION VALUES (665,'Chelsea','IA',99,60)
INTO STATION VALUES (342,'Chignik Lagoon','AK',103,153)
INTO STATION VALUES (733,'Pelahatchie','MS',39,28)
INTO STATION VALUES (441,'Hanna City','IL',51,137)
INTO STATION VALUES (811,'Dorrance','KS',102,122)
INTO STATION VALUES (698,'Albany','CA',50 ,80)
INTO STATION VALUES (325,'Monument','KS' ,71, 142)
INTO STATION VALUES (414,'Manchester','MD' ,74, 37)
INTO STATION VALUES (113,'Prescott','IA', 40 ,66)
INTO STATION VALUES (971,'Graettinger','IA' ,95, 150)
INTO STATION VALUES (266,'Cahone','CO' ,116 ,127)
INTO STATION VALUES (617,'Sturgis','MS' ,36 ,126)
INTO STATION VALUES (495,'Upperco','MD', 114 ,30)
INTO STATION VALUES (473,'Highwood','IL',27,151)
INTO STATION VALUES (959,'Waipahu','HI',106,34)
INTO STATION VALUES (438,'Bowdon','GA',89,78)
INTO STATION VALUES (571,'Tyler','MN',133,59)
INTO STATION VALUES (92,'Watkins','CO',83,97)
INTO STATION VALUES (399,'Republic','MI',75,130)
INTO STATION VALUES (426,'Millville','CA',33,146)
INTO STATION VALUES (844,'Aguanga','CA',80,66)
INTO STATION VALUES (321,'Bowdon Junction','GA',86,34)
INTO STATION VALUES (606,'Morenci','AZ',105,110)
INTO STATION VALUES (957,'South El Monte','CA',74,80)
INTO STATION VALUES (833,'Hoskinston','KY',66,66)
INTO STATION VALUES (843,'Talbert','KY',40,59)
INTO STATION VALUES (166,'Mccomb','MS',74,43)
INTO STATION VALUES (339,'Kirk','CO',141 ,136)
INTO STATION VALUES (909,'Carlock','IL',117,85)
INTO STATION VALUES (829,'Seward','IL',72,90 )
INTO STATION VALUES (766,'Gustine','CA',111,141)
INTO STATION VALUES (392,'Delano','CA',126,92)
INTO STATION VALUES (555,'Westphalia','MI',33,144)
INTO STATION VALUES (33,'Saint Elmo','AL',27,51)
INTO STATION VALUES (728,'Roy','MT',41,52)
INTO STATION VALUES (656,'Pattonsburg','MO',138,32)
INTO STATION VALUES (394,'Centertown','MO',134,93)
INTO STATION VALUES (366,'Norvell','MI',125,94)
INTO STATION VALUES (96,'Raymondville','MO',71,148)
INTO STATION VALUES (867,'Beaver Island','MI',82,165)
INTO STATION VALUES (977,'Odin','IL',53,116)
INTO STATION VALUES (741,'Jemison','AL',62,26)
INTO STATION VALUES (436,'West Hills','CA',68,73)
INTO STATION VALUES (323,'Barrigada','GU',61,148)
INTO STATION VALUES (3,'Hesperia','CA',106,71)
INTO STATION VALUES (814,'Wickliffe','KY',80,46)
INTO STATION VALUES (375,'Culdesac','ID',48,78)
INTO STATION VALUES (467,'Roselawn','IN',88,52)
INTO STATION VALUES (604,'Forest Lakes','AZ',145,114)
INTO STATION VALUES (551,'San Simeon','CA',38,28)
INTO STATION VALUES (706,'Little Rock','AR',122,121)
INTO STATION VALUES (647,'Portland','AR',84,45)
INTO STATION VALUES (25,'New Century','KS',135,79)
INTO STATION VALUES (250,'Hampden','MA',76,26)
INTO STATION VALUES (124,'Pine City','MN',119,129)
INTO STATION VALUES (547,'Sandborn','IN',56,94)
INTO STATION VALUES (701,'Seaton','IL',128,78)
INTO STATION VALUES (197,'Milledgeville','IL',91,113)
INTO STATION VALUES (613,'East China','MI',109, 42)
INTO STATION VALUES (630,'Prince Frederick','MD',105,58)
INTO STATION VALUES (767,'Pomona Park','FL',101,163)
INTO STATION VALUES (679,'Gretna','LA', 75,143)
INTO STATION VALUES (896,'Yazoo City','MS',95, 85)
INTO STATION VALUES (403,'Zionsville','IN',58, 36)
INTO STATION VALUES (519,'Rio Oso','CA',29 ,106)
INTO STATION VALUES (482,'Jolon','CA',67,53)
INTO STATION VALUES (252,'Childs','MD',93,104)
INTO STATION VALUES (600,'Shreveport','LA',136,39)
INTO STATION VALUES (14,'Forest','MS',120,50)
INTO STATION VALUES (260,'Sizerock','KY',116,113)
INTO STATION VALUES (65,'Buffalo Creek','CO',48,148)
INTO STATION VALUES (753,'Algonac','MI',119,80)
INTO STATION VALUES (174,'Onaway','MI',109,56)
INTO STATION VALUES (263,'Irvington','IL',97,68)
INTO STATION VALUES (253,'Winsted','MN',69,73)
INTO STATION VALUES (557,'Woodbury','GA',103,93)
INTO STATION VALUES (897,'Samantha','AL',75,36)
INTO STATION VALUES (98,'Hackleburg','AL',120,121)
INTO STATION VALUES (423,'Soldier','KS',77,153)
INTO STATION VALUES (361,'Arrowsmith','IL',28,109)
INTO STATION VALUES (409,'Columbus','GA',67,47)
INTO STATION VALUES (312,'Bentonville','AR',37,78)
INTO STATION VALUES (854,'Kirkland','AZ',86,58)
INTO STATION VALUES (160,'Grosse Pointe','MI',102,91)
INTO STATION VALUES (735,'Wilton','ME',57,157)
INTO STATION VALUES (608,'Busby','MT',104,30)
INTO STATION VALUES (122,'Robertsdale','AL',98,85)
INTO STATION VALUES (93,'Dale','IN',70,34)
INTO STATION VALUES (67,'Reeds','MO',31,43)
INTO STATION VALUES (906,'Hayfork','CA',35,117)
INTO STATION VALUES (34,'Mcbrides','MI',74,36)
INTO STATION VALUES (921,'Lee Center','IL',96,77)
INTO STATION VALUES (401,'Tennessee','IL',55,156)
INTO STATION VALUES (536,'Henderson','IA',78,78)
INTO STATION VALUES (953,'Udall','KS',113,60)
INTO STATION VALUES (370,'Palm Desert','CA',107,146)
INTO STATION VALUES (614,'Benedict','KS',138, 96)
INTO STATION VALUES (998,'Oakfield','ME',48,132)
INTO STATION VALUES (805,'Tamms','IL',60,75)
INTO STATION VALUES (235,'Haubstadt','IN',28,32)
INTO STATION VALUES (820,'Chokio','MN',81,134)
INTO STATION VALUES (650,'Clancy','MT',46,164)
INTO STATION VALUES (791,'Scotts Valley','CA',120,91)
INTO STATION VALUES (324,'Norwood','MN',144,35)
INTO STATION VALUES (442,'Elkton','MD',103,157)
INTO STATION VALUES (633,'Bertha','MN',40,105)
INTO STATION VALUES (109,'Bridgeport','MI',51, 80)
INTO STATION VALUES (780,'Cherry','IL',68,47)
INTO STATION VALUES (492,'Regina','KY',132,90)
INTO STATION VALUES (965,'Griffin','GA',39,152)
INTO STATION VALUES (778,'Pine Bluff','AR',60,146)
INTO STATION VALUES (337,'Mascotte','FL',121,146)
INTO STATION VALUES (259,'Baldwin','MD',82,40)
INTO STATION VALUES (955,'Netawaka','KS' ,109, 120)
INTO STATION VALUES (752,'East Irvine','CA', 106 ,115)
INTO STATION VALUES (886,'Pony','MT' ,99, 163)
INTO STATION VALUES (200,'Franklin','LA' ,82, 32)
INTO STATION VALUES (384,'Amo','IN' ,104, 159)
INTO STATION VALUES (518,'Vulcan','MO',109,92)
INTO STATION VALUES (188,'Prairie Du Rocher','IL',76,71)
INTO STATION VALUES (161,'Alanson','MI',91,72)
INTO STATION VALUES (486,'Delta','LA',137,50)
INTO STATION VALUES (406,'Carver','MN',46,122)
INTO STATION VALUES (940,'Paron','AR',59,104)
INTO STATION VALUES (237,'Winchester','ID',38,80)
INTO STATION VALUES (465,'Jerome','AZ', 122, 34)
INTO STATION VALUES (591,'Baton Rouge','LA', 130 ,72)
INTO STATION VALUES (570,'Greenview','CA', 81, 58)
INTO STATION VALUES (429,'Lucerne Valley','CA', 36, 48)
INTO STATION VALUES (278,'Cromwell','MN', 129, 54)
INTO STATION VALUES (927,'Quinter','KS', 60 ,25)
INTO STATION VALUES (59,'Whitewater','MO' ,83, 71)
INTO STATION VALUES (218,'Round Pond','ME', 127, 124)
INTO STATION VALUES (291,'Clarkdale','AZ', 58 ,74)
INTO STATION VALUES (668,'Rockton','IL', 116 ,87)
INTO STATION VALUES (682,'Pheba','MS', 91, 127)
INTO STATION VALUES (775,'Eleele','HI',81,153)
INTO STATION VALUES (527,'Auburn','IA',95,137)
INTO STATION VALUES (108,'North Berwick','ME',71, 27)
INTO STATION VALUES (190,'Oconee','GA',93,119)
INTO STATION VALUES (232,'Grandville','MI',39,70)
INTO STATION VALUES (405,'Susanville','CA',128,80)
INTO STATION VALUES (273,'Rosie','AR',73,162)
INTO STATION VALUES (813,'Verona','MO',110,153)
INTO STATION VALUES (444,'Richland','GA',105,113)
INTO STATION VALUES (899,'Fremont','MI',54,151)
INTO STATION VALUES (738,'Philipsburg','MT',96,72)
INTO STATION VALUES (215,'Kensett','IA',56,140)
INTO STATION VALUES (743,'De Tour Village','MI',25,25)
INTO STATION VALUES (377,'Koleen','IN' ,138, 111)
INTO STATION VALUES (727,'Winslow','IL' ,113, 39)
INTO STATION VALUES (363,'Reasnor','IA', 42, 163)
INTO STATION VALUES (117,'West Grove','IA', 127, 99)
INTO STATION VALUES (420,'Frankfort Heights','IL', 72, 30)
INTO STATION VALUES (888,'Bono','AR',133,150)
INTO STATION VALUES (784,'Biggsville','IL',86,139)
INTO STATION VALUES (413,'Linthicum Heights','MD',128 ,68)
INTO STATION VALUES (695,'Amazonia','MO' ,46 ,148)
INTO STATION VALUES (609,'Marysville','MI', 86,133)
INTO STATION VALUES (471,'Cape Girardeau','MO',74,91)
INTO STATION VALUES (649,'Pengilly','MN',25,154)
INTO STATION VALUES (946,'Newton Center','MA',48,145)
INTO STATION VALUES (380,'Crane Lake','MN',73, 43)
INTO STATION VALUES (383,'Newbury','MA',128,85)
INTO STATION VALUES (44,'Kismet','KS',100 ,157)
INTO STATION VALUES (433,'Canton','ME',99,106)
INTO STATION VALUES (283,'Clipper Mills','CA',114, 57)
INTO STATION VALUES (474,'Grayslake','IL',61,33)
INTO STATION VALUES (233,'Pierre Part','LA',52 ,90)
INTO STATION VALUES (990,'Bison','KS',132,75)
INTO STATION VALUES (502,'Bellevue','KY',127,122)
INTO STATION VALUES (327,'Ridgway','CO',77,110)
INTO STATION VALUES (4,'South Britain','CT',66, 34)
INTO STATION VALUES (228,'Rydal','GA',36,79)
INTO STATION VALUES (642,'Lynnville','KY',25,146)
INTO STATION VALUES (885,'Deerfield','MO',40,36)
INTO STATION VALUES (539,'Montreal','MO',129,127)
INTO STATION VALUES (202,'Hope','MN',140,44)
INTO STATION VALUES (593,'Aliso Viejo','CA',68,131)
INTO STATION VALUES (521,'Gowrie','IA',130,128)
INTO STATION VALUES (938,'Andersonville','GA',141,73)
INTO STATION VALUES (919,'Knob Lick','KY',136,33)
INTO STATION VALUES (528,'Crouseville','ME',37,82)
INTO STATION VALUES (331,'Cranks','KY',56,27)
INTO STATION VALUES (45,'Rives Junction','MI',94,117)
INTO STATION VALUES (944,'Ledyard','CT',135,144)
INTO STATION VALUES (949,'Norway','ME',84,88)
INTO STATION VALUES (88,'Eros','LA',95,58)
INTO STATION VALUES (878,'Rantoul','KS',32,119)
INTO STATION VALUES (35,'Richmond Hill','GA',39,114)
INTO STATION VALUES (17,'Fredericktown','MO',106,113)
INTO STATION VALUES (447,'Arkadelphia','AR',99,50)
INTO STATION VALUES (498,'Glen Carbon','IL',61,141)
INTO STATION VALUES (351,'Fredericksburg','IN',45, 78)
INTO STATION VALUES (774,'Manchester','IA',130,123)
INTO STATION VALUES (116,'Mc Henry','MD',93,113)
INTO STATION VALUES (963,'Eriline','KY',94,65)
INTO STATION VALUES (643,'Wellington','KY',100,32)
INTO STATION VALUES (781,'Hoffman Estates','IL',129, 53)
INTO STATION VALUES (364,'Howard Lake','MN',126 ,78)
INTO STATION VALUES (777,'Edgewater','MD',130 ,72)
INTO STATION VALUES (15 ,'Ducor','CA',141 ,102)
INTO STATION VALUES (910,'Salem','KY', 87 ,114)
INTO STATION VALUES (612,'Sturdivant','MO',94, 86)
INTO STATION VALUES (537,'Hagatna','GU',97,152)
INTO STATION VALUES (970,'East Haddam','CT',116 ,132)
INTO STATION VALUES (510,'Eastlake','MI',134, 39)
INTO STATION VALUES (354,'Larkspur','CA', 107, 66)
INTO STATION VALUES (983,'Patriot','IN', 83 ,46)
SELECT * FROM DUAL;

CREATE TABLE SETA (c1 number);
insert all
 into seta values(1)
 into seta values(2)
 into seta values(3)
 into seta values(4)
 into seta values(5)
 into seta values(6)
select * from dual;

CREATE TABLE SETB (c1 number);

insert all
 into setb values(2)
 into setb values(3)
 into setb values(4)
 into setb values(5)
 into setb values(6)
 into setb values(7)
 into setb values(8)
select * from dual;

CREATE TABLE MENUCARD (ID NUMBER, NAME VARCHAR2(35), RATE NUMBER);

insert all
  into MENUCARD values(1 , 'Extra Long Cheeseburger' , 100)
  into MENUCARD values(2 , 'Double Stacker' , 125)
  into MENUCARD values(3 , 'Double Cheeseburger' , 100)
  into MENUCARD values(4 , 'Hamburger' , 85 )
  into MENUCARD values(5 , 'Classic Grilled Dog' , 95 )
  into MENUCARD values(6 , 'Chili Cheese Grilled Dog' , 115 )
  into MENUCARD values(7 , 'Flame Grilled Chicken Burger' , 135 )
  into MENUCARD values(8 , 'Original Chicken Sandwich' , 55)
  into MENUCARD values(9 , 'McALLO TIKKI' , 45)
  into MENUCARD values(10 , 'Veg Maharaja Mac' , 75 )
  into MENUCARD values(11 , 'Big Spicy Chicken Wrap' , 100 )
  into MENUCARD values(12 , 'McVeggie Schezwan' , 85 )
  select * from dual;

CREATE TABLE SOFTDRINK
(ID NUMBER,
NAME VARCHAR2(25),
RATE NUMBER);

INSERT ALL
INTO  SOFTDRINK VALUES(1, 'Coca-Cola' , 45 )
INTO  SOFTDRINK VALUES(2, 'Mello Yello' , 75 )
INTO  SOFTDRINK VALUES(3, 'Diet Coke' , 60)
INTO  SOFTDRINK VALUES(4, 'Frozen Fanta Cherry ' , 65 )
INTO  SOFTDRINK VALUES(5, 'Iced Tea' , 35 )
SELECT * FROM DUAL;

CREATE TABLE STATUS (id number, status varchar2(12));

INSERT into STATUS values(1,'New');
INSERT into STATUS values(2,'Draft');
INSERT into STATUS values(4,'Approved');
INSERT into STATUS values(8,'Rejected');
INSERT into STATUS values(16,'Cancle');

CREATE TABLE NULLIF
(
  c1 number,
  c2 number);

insert into nullif values(1,1);
insert into nullif values(1,2);
insert into nullif values(2,1);
insert into nullif values(3,2);
insert into nullif values(3,3);
insert into nullif values(null,null);
insert into nullif values(3,1);
insert into nullif values(2,3);
insert into nullif values(2,2);
insert into nullif values(1,3);
insert into nullif values(4,null);
insert into nullif values(null,5);


CREATE TABLE DUPLICATE
 (    DEPTNO NUMBER(2,0) NOT NULL ENABLE,
      DNAME VARCHAR2(10),
      LOC VARCHAR2(10),
      WALLETID NUMBER(5,0)
 );

insert all
into DUPLICATE values (10, 'SALES', 'PUNE', 1)
into DUPLICATE values (20, 'PURCHASE','BARODA', 2)
into DUPLICATE values (10, 'SALES','PUNE', 1)
into DUPLICATE values (30, 'ACCOUNTS', 'SURAT', 3)
into DUPLICATE values (40, 'HR', 'ANAND', 4)
into DUPLICATE values (30, 'ACCOUNTS', 'SURAT', 3)
into DUPLICATE values (50, 'ADMIN', 'MUMBAI', 5)
into DUPLICATE values (60, 'RND', 'DELHI', 6)
into DUPLICATE values (50, 'ADMIN', 'MUMBAI', 5)
into DUPLICATE values (70, 'OPERATIONS', 'BHARUCH', 7)
into DUPLICATE values (10, 'SALES', 'PUNE', 1)
into DUPLICATE values (20, 'PURCHASE','BARODA', 2)
into DUPLICATE values (10, 'SALES','PUNE', 1)
into DUPLICATE values (30, 'ACCOUNTS', 'SURAT', 3)
into DUPLICATE values (40, 'HR', 'ANAND', 4)
into DUPLICATE values (30, 'ACCOUNTS', 'SURAT', 3)
into DUPLICATE values (50, 'ADMIN', 'MUMBAI', 5)
into DUPLICATE values (60, 'RND', 'DELHI', 6)
into DUPLICATE values (50, 'ADMIN', 'MUMBAI', 5)
into DUPLICATE values (70, 'OPERATIONS', 'BHARUCH', 7)
select * from DUAL;

 CREATE TABLE COALESCE
  (    PID NUMBER,
       PNAME VARCHAR2(45),
       APRICE NUMBER,
       SPRICE NUMBER,
       DPRICE NUMBER,
       NORTH VARCHAR2(5),
       SOUTH VARCHAR2(5),
       EAST VARCHAR2(5),
       WEST VARCHAR2(5),
       BPHONE NUMBER,
       CPHONE NUMBER,
       HPHONE NUMBER
  );

INSERT INTO COALESCE (PID, PNAME, SPRICE, NORTH, BPHONE) VALUES ('1001', 'Samsung Galaxy On7 (Gold, 8 GB)', '10975', 'Y', '111');
INSERT INTO COALESCE (PID, PNAME, DPRICE, SOUTH, CPHONE) VALUES ('1002', 'Samsung Galaxy On5 (Gold, 8 GB)', '9800', 'Y', '222');
INSERT INTO COALESCE (PID, PNAME, APRICE, DPRICE, EAST, HPHONE) VALUES ('1003', 'Samsung Galaxy On5 (Black, 8 GB)', '16000', '1400', 'Y', '333');
INSERT INTO COALESCE (PID, PNAME, WEST, BPHONE, HPHONE) VALUES ('1004', 'Moto G (3rd Generation) (Black, 16 GB)', 'Y', '444', '555');
INSERT INTO COALESCE (PID, PNAME, SPRICE, DPRICE, CPHONE) VALUES ('1005', 'Moto G (3rd Generation) (White, 16 GB)', '17000', '15550', '666');
INSERT INTO COALESCE (PID, PNAME, APRICE, SPRICE, DPRICE, HPHONE) VALUES ('1006', 'Moto G Turbo Edition (White, 16 GB)', '8000', '8700', '8600', '777');
INSERT INTO COALESCE (PID, PNAME, APRICE, SPRICE, DPRICE, NORTH, BPHONE, HPHONE) VALUES ('1007', 'Moto G Turbo Edition (Black, 16 GB)', '11200', '12700', '12450', 'Y', '888', '999');
INSERT INTO COALESCE (PID, PNAME, SOUTH, WEST) VALUES ('1008', 'Moto X Play (Black, 32 GB)', 'Y', 'Y');
INSERT INTO COALESCE (PID, PNAME, DPRICE, BPHONE) VALUES ('1009', 'Acer Liquid Z530 (Black, 16 GB)', '10500', '8877');
INSERT INTO COALESCE (PID, PNAME, DPRICE, EAST, WEST, HPHONE) VALUES ('1010', 'Acer Z630S (Black & Gold, 32 GB)', '8600', 'Y', 'Y', '5566');
INSERT INTO COALESCE (PID, PNAME, SPRICE, BPHONE, CPHONE, HPHONE) VALUES ('1011', 'HTC Desire 828 Dual Sim(Dark Grey, 16 GB)', '17200', '3331', '3332', '2223');
INSERT INTO COALESCE (PID, PNAME, APRICE, SPRICE, WEST) VALUES ('1012', 'HTC Desire 828 Dual Sim (Pearl White, 16 GB)', '25000', '27000', 'Y');
INSERT INTO COALESCE (PID, PNAME, APRICE, SOUTH) VALUES ('1013', 'Micromax Canvas Pulse 4G (Grey, 16 GB)', '12200', 'Y');
INSERT INTO COALESCE (PID, PNAME, SPRICE, NORTH, SOUTH, EAST, WEST, CPHONE) VALUES ('1014', 'Micromax Canvas Pulse 4G (Black, 16 GB)', '14500', 'Y', 'Y', 'Y', 'Y', '44447');
INSERT INTO COALESCE (PID, PNAME, DPRICE, SOUTH, EAST, WEST) VALUES ('1015', 'Micromax Canvas Pulse 4G (White, 16 GB)', '16500', 'Y', 'Y', 'Y');
INSERT INTO COALESCE (PID, PNAME, DPRICE, BPHONE, CPHONE) VALUES ('1016', 'Letv Le 1S (Gold, 16 GB)', '17000', '5566', '3475');
INSERT INTO COALESCE (PID, PNAME, SPRICE, SOUTH, WEST, HPHONE) VALUES ('1017', 'Letv Le 1S (Gold, 32 GB)', '16000', 'Y', 'Y', '55667');
INSERT INTO COALESCE (PID, PNAME, APRICE, EAST, WEST, HPHONE) VALUES ('1018', 'Letv Le 1S (Black, 16 GB)', '13450', 'Y', 'Y', '7763');
INSERT INTO COALESCE (PID, PNAME, SPRICE, EAST) VALUES ('1019', 'Letv Le 1S (White, 32 GB)', '12342', 'Y');

create table NEAREST (c1 number, c2 varchar2(10), c3 number);

insert into NEAREST VALUES (1,'y',1);
insert into NEAREST VALUES (1,'y',100);
insert into NEAREST VALUES (2,'z', 1);
insert into NEAREST VALUES (2,'z',100);
insert into NEAREST VALUES (2,'z',300);
insert into NEAREST VALUES (1, 'y',110);
insert into NEAREST VALUES (1, 'y',140);
insert into NEAREST VALUES (1, 'y',160);
insert into NEAREST VALUES (1, 'y',200);
insert into NEAREST VALUES (1, 'y',210);
insert into NEAREST VALUES (1, 'y',211);
insert into NEAREST VALUES (2, 'z',150);
insert into NEAREST VALUES (2, 'z',250);
insert into NEAREST VALUES (2, 'z',170);
insert into NEAREST VALUES (2, 'z',175);
insert into NEAREST VALUES (2, 'z',177);
insert into NEAREST VALUES (2, 'z',179);

create table new (c1 number, c2 number, c3 number, old varchar2(10), new varchar2(10));

create table blankTable (c1 number, c2 number);

insert into blanktable values(1,1);
insert into blanktable values(2,2);
insert into blanktable values(null,null);
insert into blanktable values(null,null);
insert into blanktable values(null,null);
insert into blanktable values(3,3);
insert into blanktable values(4,4);
insert into blanktable values(null,null);
insert into blanktable values(5,5);
insert into blanktable values(null,null);
insert into blanktable values(null,6);

CREATE TABLE HOBBY (HOBBYID NUMBER(3), NAME CHAR(16), WALLETID  NUMBER(5));

INSERT INTO HOBBY VALUES (1,'Windsurfing',1);
INSERT INTO HOBBY VALUES (2,'Fishing',2);
INSERT INTO HOBBY VALUES (3,'Swimming',3);
INSERT INTO HOBBY VALUES (4,'Shopping',4);
INSERT INTO HOBBY VALUES (5,'Bowling',5);
INSERT INTO HOBBY VALUES (6,'Reading',6);
INSERT INTO HOBBY VALUES (7,'Dancing',7);
INSERT INTO HOBBY VALUES (8,'Traveling',8);
INSERT INTO HOBBY VALUES (9,'Bungee Jumping',9);
INSERT INTO HOBBY VALUES (10,'Horse Riding',10);
INSERT INTO HOBBY VALUES (11,'Bowling',11);
INSERT INTO HOBBY VALUES (12,'Astrology',12);
INSERT INTO HOBBY VALUES (13,'Hang Gliding',13);

CREATE TABLE DEPT (
 DEPTNO              NUMBER(2) NOT NULL,
 DNAME               VARCHAR2(12),
 LOC                 VARCHAR2(10),
 CONSTRAINT DEPT_PRIMARY_KEY PRIMARY KEY (DEPTNO));

INSERT INTO DEPT VALUES (10,'ACCOUNTING','NEW YORK');
INSERT INTO DEPT VALUES (20,'RESEARCH','DALLAS');
INSERT INTO DEPT VALUES (30,'SALES','CHICAGO');
INSERT INTO DEPT VALUES (40,'OPERATIONS','BOSTON');

CREATE TABLE DEMODEPT1 as select * from DEPT;
ALTER TABLE DEMODEPT1 MODIFY (DEPTNO NUMBER);

INSERT INTO DEMODEPT1 VALUES (50,'A','A');
INSERT INTO DEMODEPT1 VALUES (60,'B','B');
INSERT INTO DEMODEPT1 VALUES (70,'C','C');
INSERT INTO DEMODEPT1 VALUES (80,'D','D');
INSERT INTO DEMODEPT1 VALUES (90,'E','E');
INSERT INTO DEMODEPT1 VALUES (100,'F','F');

CREATE TABLE DEMODEPT2 as select * from DEPT;
ALTER TABLE DEMODEPT2 MODIFY (DEPTNO NUMBER);

INSERT INTO DEMODEPT2 VALUES (110,'A1','A1');
INSERT INTO DEMODEPT2 VALUES (111,'B1','B1');
INSERT INTO DEMODEPT2 VALUES (112,'C1','C1');
INSERT INTO DEMODEPT2 VALUES (113,'D1','D1');
INSERT INTO DEMODEPT2 VALUES (114,'E1','E1');
INSERT INTO DEMODEPT2 VALUES (115,'F1','F1');


CREATE TABLE EMP (
 EMPNO               NUMBER(4) NOT NULL,
 ENAME               VARCHAR2(12),
 JOB                 VARCHAR2(20),
 MGR                 NUMBER(4) CONSTRAINT EMP_SELF_KEY REFERENCES EMP (EMPNO),
 HIREDATE            DATE,
 SAL                 NUMBER(7,2),
 COMM                NUMBER(7,2),
 DEPTNO              NUMBER(2) NOT NULL,
 BONUSID	     NUMBER,
 CONSTRAINT EMP_FOREIGN_KEY FOREIGN KEY (DEPTNO) REFERENCES DEPT (DEPTNO),
 CONSTRAINT EMP_PRIMARY_KEY PRIMARY KEY (EMPNO));

INSERT INTO EMP VALUES (7839,'KING','PRESIDENT',NULL,'17-NOV-81',5000,NULL,10,1);
INSERT INTO EMP VALUES (7698,'BLAKE','MANAGER',7839,'1-MAY-81',2850,NULL,30,1);
INSERT INTO EMP VALUES (7782,'CLARK','MANAGER',7839,'9-JUN-81',2450,NULL,10,3);
INSERT INTO EMP VALUES (7566,'JONES','MANAGER',7839,'2-APR-81',2975,NULL,20,4);
INSERT INTO EMP VALUES (7654,'MARTIN','SALESMAN',7698,'28-SEP-81',1250,1400,30,6);
INSERT INTO EMP VALUES (7499,'ALLEN','SALESMAN',7698,'20-FEB-81',1600,300,30,4);
INSERT INTO EMP VALUES (7844,'TURNER','SALESMAN',7698,'8-SEP-81',1500,0,30,5);
INSERT INTO EMP VALUES (7900,'JAMES','CLERK',7698,'3-DEC-81',950,NULL,30,2);
INSERT INTO EMP VALUES (7521,'WARD','SALESMAN',7698,'22-FEB-81',1250,500,30,1);
INSERT INTO EMP VALUES (7902,'FORD','ANALYST',7566,'3-DEC-81',3000,NULL,20,4);
INSERT INTO EMP VALUES (7369,'SMITH','CLERK',7902,'17-DEC-80',800,NULL,20,2);
INSERT INTO EMP VALUES (7788,'SCOTT','ANALYST',7566,'09-DEC-82',3000,NULL,20,3);
INSERT INTO EMP VALUES (7876,'ADAMS','CLERK',7788,'12-JAN-83',1100,NULL,20,1);
INSERT INTO EMP VALUES (7934,'MILLER','CLERK',7782,'23-JAN-82',1300,NULL,10,2);
INSERT INTO EMP VALUES (7949,'ALEX','MANAGER',7698,'24-JAN-82',1250,500,30,5);
INSERT INTO EMP VALUES (7945,'ALIBABA','SALESMAN',7902,'14-FEB-80',1350,2700,30,NULL);
INSERT INTO EMP VALUES (7415,'ABRAMA','CLERK',7902,'31-DEC-81',3350,NULL,10,null);


CREATE TABLE BONUS (
 ID NUMBER PRIMARY KEY,
 RATE NUMBER);

INSERT INTO BONUS VALUES(1,.5);
INSERT INTO BONUS VALUES(2,.75);
INSERT INTO BONUS VALUES(3,.25);
INSERT INTO BONUS VALUES(4,.15);
INSERT INTO BONUS VALUES(5,.55);
INSERT INTO BONUS VALUES(6,.54);
INSERT INTO BONUS VALUES(7,.34);
INSERT INTO BONUS VALUES(8,.14);
INSERT INTO BONUS VALUES(9,.27);
INSERT INTO BONUS VALUES(10,.32);

CREATE TABLE SALGRADE (
 GRADE               NUMBER,
 LOSAL               NUMBER,
 HISAL               NUMBER);

INSERT INTO SALGRADE VALUES (1,700,1200);
INSERT INTO SALGRADE VALUES (2,1201,1400);
INSERT INTO SALGRADE VALUES (3,1401,2000);
INSERT INTO SALGRADE VALUES (4,2001,3000);
INSERT INTO SALGRADE VALUES (5,3001,4000);
INSERT INTO SALGRADE VALUES (6,4001,5000);
INSERT INTO SALGRADE VALUES (7,5001,6000);
INSERT INTO SALGRADE VALUES (8,6001,7000);
INSERT INTO SALGRADE VALUES (9,7001,8000);
INSERT INTO SALGRADE VALUES (10,8001,9999);

CREATE TABLE DUMMY (
 DUMMY               NUMBER );

INSERT INTO DUMMY VALUES (0);

CREATE TABLE CUSTOMER (
 CUSTID              NUMBER (6) NOT NULL,
 NAME                VARCHAR2(45),
 ADDRESS             VARCHAR2(40),
 CITY                VARCHAR2(30),
 STATE               VARCHAR2(2),
 ZIP                 VARCHAR2(9),
 AREA                NUMBER (3),
 PHONE               VARCHAR2(9),
 REPID               NUMBER (4) NOT NULL,
 CREDITLIMIT         NUMBER (9,2),
 COMMENTS            LONG,
 CONSTRAINT CUSTOMER_PRIMARY_KEY PRIMARY KEY (CUSTID),
 CONSTRAINT CUSTID_ZERO CHECK (CUSTID > 0));

CREATE TABLE ORD  (
 ORDID               NUMBER (4) NOT NULL,
 ORDERDATE           DATE,
 COMMPLAN            VARCHAR2(1),
 CUSTID              NUMBER (6) NOT NULL,
 SHIPDATE            DATE,
 TOTAL               NUMBER (8,2) CONSTRAINT TOTAL_ZERO CHECK (TOTAL >= 0),
 CONSTRAINT ORD_FOREIGN_KEY FOREIGN KEY (CUSTID) REFERENCES CUSTOMER (CUSTID),
 CONSTRAINT ORD_PRIMARY_KEY PRIMARY KEY (ORDID));

CREATE TABLE ITEM  (
 ORDID               NUMBER (4) NOT NULL,
 ITEMID              NUMBER (4) NOT NULL,
 PRODID              NUMBER (6),
 ACTUALPRICE         NUMBER (8,2),
 QTY                 NUMBER (8),
 ITEMTOT             NUMBER (8,2),
 CONSTRAINT ITEM_FOREIGN_KEY FOREIGN KEY (ORDID) REFERENCES ORD (ORDID),
 CONSTRAINT ITEM_PRIMARY_KEY PRIMARY KEY (ORDID,ITEMID));

CREATE TABLE PRODUCT (
 PRODID              NUMBER (6) CONSTRAINT PRODUCT_PRIMARY_KEY PRIMARY KEY,
 DESCRIP             VARCHAR2(30));

CREATE TABLE PRICE (
 PRODID              NUMBER (6) NOT NULL,
 STDPRICE            NUMBER (8,2),
 MINPRICE            NUMBER (8,2),
 STARTDATE           DATE,
 ENDDATE             DATE);

INSERT INTO CUSTOMER (ZIP, STATE, REPID, PHONE, NAME, CUSTID, CREDITLIMIT,
  CITY, AREA, ADDRESS, COMMENTS)
VALUES ('96711', 'CA', '7844', '598-6609',
 'JOCKSPORTS',
 '100', '5000', 'BELMONT', '415', '345 VIEWRIDGE',
 'Very friendly people to work with -- sales rep likes to be called Mike.');

INSERT INTO CUSTOMER (ZIP, STATE, REPID, PHONE, NAME, CUSTID, CREDITLIMIT,
  CITY, AREA, ADDRESS, COMMENTS)
VALUES ('94061', 'CA', '7521', '368-1223',
 'TKB SPORT SHOP',
 '101', '10000', 'REDWOOD CITY', '415', '490 BOLI RD.',
 'Rep called 5/8 about change in order - contact shipping.');

INSERT INTO CUSTOMER (ZIP, STATE, REPID, PHONE, NAME, CUSTID, CREDITLIMIT,
  CITY, AREA, ADDRESS, COMMENTS)
VALUES ('95133', 'CA', '7654', '644-3341',
 'VOLLYRITE',
 '102', '7000', 'BURLINGAME', '415', '9722 HAMILTON',
 'Company doing heavy promotion beginning 10/89. Prepare for large orders during
 winter.');

INSERT INTO CUSTOMER (ZIP, STATE, REPID, PHONE, NAME, CUSTID, CREDITLIMIT,
  CITY, AREA, ADDRESS, COMMENTS)
VALUES ('97544', 'CA', '7521', '677-9312',
 'JUST TENNIS',
 '103', '3000', 'BURLINGAME', '415', 'HILLVIEW MALL',
 'Contact rep about new line of tennis rackets.');

INSERT INTO CUSTOMER (ZIP, STATE, REPID, PHONE, NAME, CUSTID, CREDITLIMIT,
  CITY, AREA, ADDRESS, COMMENTS)
VALUES ('93301', 'CA', '7499', '996-2323',
 'EVERY MOUNTAIN',
 '104', '10000', 'CUPERTINO', '408', '574 SURRY RD.',
 'Customer with high market share (23%) due to aggressive advertising.');

INSERT INTO CUSTOMER (ZIP, STATE, REPID, PHONE, NAME, CUSTID, CREDITLIMIT,
  CITY, AREA, ADDRESS, COMMENTS)
VALUES ('91003', 'CA', '7844', '376-9966',
 'K + T SPORTS',
 '105', '5000', 'SANTA CLARA', '408', '3476 EL PASEO',
 'Tends to order large amounts of merchandise at once. Accounting is considering
 raising their credit limit. Usually pays on time.');

INSERT INTO CUSTOMER (ZIP, STATE, REPID, PHONE, NAME, CUSTID, CREDITLIMIT,
  CITY, AREA, ADDRESS, COMMENTS)
VALUES ('94301', 'CA', '7521', '364-9777',
 'SHAPE UP',
 '106', '6000', 'PALO ALTO', '415', '908 SEQUOIA',
 'Support intensive. Orders small amounts (< 800) of merchandise at a time.');

INSERT INTO CUSTOMER (ZIP, STATE, REPID, PHONE, NAME, CUSTID, CREDITLIMIT,
  CITY, AREA, ADDRESS, COMMENTS)
VALUES ('93301', 'CA', '7499', '967-4398',
 'WOMENS SPORTS',
 '107', '10000', 'SUNNYVALE', '408', 'VALCO VILLAGE',
 'First sporting goods store geared exclusively towards women. Unusual promotion
al style and very willing to take chances towards new products!');

INSERT INTO CUSTOMER (ZIP, STATE, REPID, PHONE, NAME, CUSTID, CREDITLIMIT,
  CITY, AREA, ADDRESS, COMMENTS)
VALUES ('55649', 'MN', '7844', '566-9123',
 'NORTH WOODS HEALTH AND FITNESS SUPPLY CENTER',
 '108', '8000', 'HIBBING', '612', '98 LONE PINE WAY', '');

INSERT INTO ORD (TOTAL, SHIPDATE, ORDID, ORDERDATE, CUSTID, COMMPLAN)
 VALUES ('101.4', '08-JAN-87', '610', '07-JAN-87', '101', 'A');

INSERT INTO ORD (TOTAL, SHIPDATE, ORDID, ORDERDATE, CUSTID, COMMPLAN)
 VALUES ('45', '11-JAN-87', '611', '11-JAN-87', '102', 'B');

INSERT INTO ORD (TOTAL, SHIPDATE, ORDID, ORDERDATE, CUSTID, COMMPLAN)
 VALUES ('5860', '20-JAN-87', '612', '15-JAN-87', '104', 'C');

INSERT INTO ORD (TOTAL, SHIPDATE, ORDID, ORDERDATE, CUSTID, COMMPLAN)
 VALUES ('2.4', '30-MAY-86', '601', '01-MAY-86', '106', 'A');

INSERT INTO ORD (TOTAL, SHIPDATE, ORDID, ORDERDATE, CUSTID, COMMPLAN)
 VALUES ('56', '20-JUN-86', '602', '05-JUN-86', '102', 'B');

INSERT INTO ORD (TOTAL, SHIPDATE, ORDID, ORDERDATE, CUSTID, COMMPLAN)
 VALUES ('698', '30-JUN-86', '604', '15-JUN-86', '106', 'A');

INSERT INTO ORD (TOTAL, SHIPDATE, ORDID, ORDERDATE, CUSTID, COMMPLAN)
 VALUES ('8324', '30-JUL-86', '605', '14-JUL-86', '106', 'A');

INSERT INTO ORD (TOTAL, SHIPDATE, ORDID, ORDERDATE, CUSTID, COMMPLAN)
 VALUES ('3.4', '30-JUL-86', '606', '14-JUL-86', '100', 'A');

INSERT INTO ORD (TOTAL, SHIPDATE, ORDID, ORDERDATE, CUSTID, COMMPLAN)
 VALUES ('97.5', '15-AUG-86', '609', '01-AUG-86', '100', 'B');

INSERT INTO ORD (TOTAL, SHIPDATE, ORDID, ORDERDATE, CUSTID, COMMPLAN)
 VALUES ('5.6', '18-JUL-86', '607', '18-JUL-86', '104', 'C');

INSERT INTO ORD (TOTAL, SHIPDATE, ORDID, ORDERDATE, CUSTID, COMMPLAN)
 VALUES ('35.2', '25-JUL-86', '608', '25-JUL-86', '104', 'C');

INSERT INTO ORD (TOTAL, SHIPDATE, ORDID, ORDERDATE, CUSTID, COMMPLAN)
 VALUES ('224', '05-JUN-86', '603', '05-JUN-86', '102', '');

INSERT INTO ORD (TOTAL, SHIPDATE, ORDID, ORDERDATE, CUSTID, COMMPLAN)
 VALUES ('4450', '12-MAR-87', '620', '12-MAR-87', '100', '');

INSERT INTO ORD (TOTAL, SHIPDATE, ORDID, ORDERDATE, CUSTID, COMMPLAN)
 VALUES ('6400', '01-FEB-87', '613', '01-FEB-87', '108', '');

INSERT INTO ORD (TOTAL, SHIPDATE, ORDID, ORDERDATE, CUSTID, COMMPLAN)
 VALUES ('23940', '05-FEB-87', '614', '01-FEB-87', '102', '');

INSERT INTO ORD (TOTAL, SHIPDATE, ORDID, ORDERDATE, CUSTID, COMMPLAN)
 VALUES ('764', '10-FEB-87', '616', '03-FEB-87', '103', '');

INSERT INTO ORD (TOTAL, SHIPDATE, ORDID, ORDERDATE, CUSTID, COMMPLAN)
 VALUES ('1260', '04-FEB-87', '619', '22-FEB-87', '104', '');

INSERT INTO ORD (TOTAL, SHIPDATE, ORDID, ORDERDATE, CUSTID, COMMPLAN)
 VALUES ('46370', '03-MAR-87', '617', '05-FEB-87', '105', '');

INSERT INTO ORD (TOTAL, SHIPDATE, ORDID, ORDERDATE, CUSTID, COMMPLAN)
 VALUES ('710', '06-FEB-87', '615', '01-FEB-87', '107', '');

INSERT INTO ORD (TOTAL, SHIPDATE, ORDID, ORDERDATE, CUSTID, COMMPLAN)
 VALUES ('3510.5', '06-MAR-87', '618', '15-FEB-87', '102', 'A');

INSERT INTO ORD (TOTAL, SHIPDATE, ORDID, ORDERDATE, CUSTID, COMMPLAN)
 VALUES ('730', '01-JAN-87', '621', '15-MAR-87', '100', 'A');


INSERT INTO ITEM (QTY, PRODID, ORDID, ITEMTOT, ITEMID, ACTUALPRICE)
 VALUES ('1', '100890', '610', '58', '3', '58');

INSERT INTO ITEM ( QTY , PRODID , ORDID , ITEMTOT , ITEMID , ACTUALPRICE)
 VALUES ( '1', '100861', '611', '45', '1', '45');

INSERT INTO ITEM ( QTY , PRODID , ORDID , ITEMTOT , ITEMID , ACTUALPRICE)
 VALUES ( '100', '100860', '612', '3000', '1', '30');

INSERT INTO ITEM ( QTY , PRODID , ORDID , ITEMTOT , ITEMID , ACTUALPRICE)
 VALUES ( '1', '200376', '601', '2.4', '1', '2.4');

INSERT INTO ITEM ( QTY , PRODID , ORDID , ITEMTOT , ITEMID , ACTUALPRICE)
 VALUES ( '20', '100870', '602', '56', '1', '2.8');

INSERT INTO ITEM ( QTY , PRODID , ORDID , ITEMTOT , ITEMID , ACTUALPRICE)
 VALUES ( '3', '100890', '604', '174', '1', '58');

INSERT INTO ITEM ( QTY , PRODID , ORDID , ITEMTOT , ITEMID , ACTUALPRICE)
 VALUES ( '2', '100861', '604', '84', '2', '42');

INSERT INTO ITEM ( QTY , PRODID , ORDID , ITEMTOT , ITEMID , ACTUALPRICE)
 VALUES ( '10', '100860', '604', '440', '3', '44');

INSERT INTO ITEM ( QTY , PRODID , ORDID , ITEMTOT , ITEMID , ACTUALPRICE)
 VALUES ( '4', '100860', '603', '224', '2', '56');

INSERT INTO ITEM ( QTY , PRODID , ORDID , ITEMTOT , ITEMID , ACTUALPRICE)
 VALUES ( '1', '100860', '610', '35', '1', '35');

INSERT INTO ITEM ( QTY , PRODID , ORDID , ITEMTOT , ITEMID , ACTUALPRICE)
 VALUES ( '3', '100870', '610', '8.4', '2', '2.8');

INSERT INTO ITEM ( QTY , PRODID , ORDID , ITEMTOT , ITEMID , ACTUALPRICE)
 VALUES ( '200', '200376', '613', '440', '4', '2.2');

INSERT INTO ITEM ( QTY , PRODID , ORDID , ITEMTOT , ITEMID , ACTUALPRICE)
 VALUES ( '444', '100860', '614', '15540', '1', '35');

INSERT INTO ITEM ( QTY , PRODID , ORDID , ITEMTOT , ITEMID , ACTUALPRICE)
 VALUES ( '1000', '100870', '614', '2800', '2', '2.8');

INSERT INTO ITEM ( QTY , PRODID , ORDID , ITEMTOT , ITEMID , ACTUALPRICE)
 VALUES ( '20', '100861', '612', '810', '2', '40.5');

INSERT INTO ITEM ( QTY , PRODID , ORDID , ITEMTOT , ITEMID , ACTUALPRICE)
 VALUES ('150', '101863', '612', '1500', '3', '10');

INSERT INTO ITEM ( QTY , PRODID , ORDID , ITEMTOT , ITEMID , ACTUALPRICE)
 VALUES ('10', '100860', '620', '350', '1', '35');

INSERT INTO ITEM ( QTY , PRODID , ORDID , ITEMTOT , ITEMID , ACTUALPRICE)
 VALUES ('1000', '200376', '620', '2400', '2', '2.4');

INSERT INTO ITEM ( QTY , PRODID , ORDID , ITEMTOT , ITEMID , ACTUALPRICE)
 VALUES ('500', '102130', '620', '1700', '3', '3.4');

INSERT INTO ITEM ( QTY , PRODID , ORDID , ITEMTOT , ITEMID , ACTUALPRICE)
 VALUES ( '100', '100871', '613', '560', '1', '5.6');

INSERT INTO ITEM ( QTY , PRODID , ORDID , ITEMTOT , ITEMID , ACTUALPRICE)
 VALUES ('200', '101860', '613', '4800', '2', '24');

INSERT INTO ITEM ( QTY , PRODID , ORDID , ITEMTOT , ITEMID , ACTUALPRICE)
 VALUES ('150', '200380', '613', '600', '3', '4');

INSERT INTO ITEM ( QTY , PRODID , ORDID , ITEMTOT , ITEMID , ACTUALPRICE)
 VALUES ('100', '102130', '619', '340', '3', '3.4');

INSERT INTO ITEM ( QTY , PRODID , ORDID , ITEMTOT , ITEMID , ACTUALPRICE)
 VALUES ('50', '100860', '617', '1750', '1', '35');

INSERT INTO ITEM ( QTY , PRODID , ORDID , ITEMTOT , ITEMID , ACTUALPRICE)
 VALUES ('100', '100861', '617', '4500', '2', '45');

INSERT INTO ITEM ( QTY , PRODID , ORDID , ITEMTOT , ITEMID , ACTUALPRICE)
 VALUES ('1000', '100871', '614', '5600', '3', '5.6');

INSERT INTO ITEM ( QTY , PRODID , ORDID , ITEMTOT , ITEMID , ACTUALPRICE)
 VALUES ('10', '100861', '616', '450', '1', '45');

INSERT INTO ITEM ( QTY , PRODID , ORDID , ITEMTOT , ITEMID , ACTUALPRICE)
 VALUES ('50', '100870', '616', '140', '2', '2.8');

INSERT INTO ITEM ( QTY , PRODID , ORDID , ITEMTOT , ITEMID , ACTUALPRICE)
 VALUES ('2', '100890', '616', '116', '3', '58');

INSERT INTO ITEM ( QTY , PRODID , ORDID , ITEMTOT , ITEMID , ACTUALPRICE)
 VALUES ('10', '102130', '616', '34', '4', '3.4');

INSERT INTO ITEM ( QTY , PRODID , ORDID , ITEMTOT , ITEMID , ACTUALPRICE)
 VALUES ('10', '200376' , '616', '24', '5', '2.4');

INSERT INTO ITEM ( QTY , PRODID , ORDID , ITEMTOT , ITEMID , ACTUALPRICE)
 VALUES ('100', '200380', '619', '400', '1', '4');

INSERT INTO ITEM ( QTY , PRODID , ORDID , ITEMTOT , ITEMID , ACTUALPRICE)
 VALUES ('100', '200376', '619', '240', '2', '2.4');

INSERT INTO ITEM ( QTY , PRODID , ORDID , ITEMTOT , ITEMID , ACTUALPRICE)
 VALUES ('4', '100861', '615', '180', '1', '45');

INSERT INTO ITEM ( QTY , PRODID , ORDID , ITEMTOT , ITEMID , ACTUALPRICE)
 VALUES ('1', '100871', '607', '5.6', '1', '5.6');

INSERT INTO ITEM ( QTY , PRODID , ORDID , ITEMTOT , ITEMID , ACTUALPRICE)
 VALUES ('100', '100870', '615', '280', '2', '2.8');

INSERT INTO ITEM ( QTY , PRODID , ORDID , ITEMTOT , ITEMID , ACTUALPRICE)
 VALUES ('500', '100870', '617', '1400', '3', '2.8');

INSERT INTO ITEM ( QTY , PRODID , ORDID , ITEMTOT , ITEMID , ACTUALPRICE)
 VALUES ('500', '100871', '617', '2800', '4', '5.6');

INSERT INTO ITEM ( QTY , PRODID , ORDID , ITEMTOT , ITEMID , ACTUALPRICE)
 VALUES ('500', '100890', '617', '29000', '5', '58');

INSERT INTO ITEM ( QTY , PRODID , ORDID , ITEMTOT , ITEMID , ACTUALPRICE)
 VALUES ('100', '101860', '617', '2400', '6', '24');

INSERT INTO ITEM ( QTY , PRODID , ORDID , ITEMTOT , ITEMID , ACTUALPRICE)
 VALUES ('200', '101863', '617', '2500', '7', '12.5');

INSERT INTO ITEM ( QTY , PRODID , ORDID , ITEMTOT , ITEMID , ACTUALPRICE)
 VALUES ('100', '102130', '617', '340', '8', '3.4');

INSERT INTO ITEM ( QTY , PRODID , ORDID , ITEMTOT , ITEMID , ACTUALPRICE)
 VALUES ('200', '200376', '617', '480', '9', '2.4');

INSERT INTO ITEM ( QTY , PRODID , ORDID , ITEMTOT , ITEMID , ACTUALPRICE)
 VALUES ('300', '200380', '617', '1200', '10', '4');

INSERT INTO ITEM ( QTY , PRODID , ORDID , ITEMTOT , ITEMID , ACTUALPRICE)
 VALUES ('5', '100870', '609', '12.5', '2', '2.5');

INSERT INTO ITEM ( QTY , PRODID , ORDID , ITEMTOT , ITEMID , ACTUALPRICE)
 VALUES ('1', '100890', '609', '50', '3', '50');

INSERT INTO ITEM ( QTY , PRODID , ORDID , ITEMTOT , ITEMID , ACTUALPRICE)
 VALUES ('23', '100860', '618', '805', '1', '35');

INSERT INTO ITEM ( QTY , PRODID , ORDID , ITEMTOT , ITEMID , ACTUALPRICE)
 VALUES ('50', '100861', '618', '2255.5', '2', '45.11');

INSERT INTO ITEM ( QTY , PRODID , ORDID , ITEMTOT , ITEMID , ACTUALPRICE)
 VALUES ('10', '100870', '618', '450', '3', '45');

INSERT INTO ITEM ( QTY , PRODID , ORDID , ITEMTOT , ITEMID , ACTUALPRICE)
 VALUES ('10', '100861', '621', '450', '1', '45');

INSERT INTO ITEM ( QTY , PRODID , ORDID , ITEMTOT , ITEMID , ACTUALPRICE)
 VALUES ('100', '100870', '621', '280', '2', '2.8');

INSERT INTO ITEM ( QTY , PRODID , ORDID , ITEMTOT , ITEMID , ACTUALPRICE)
 VALUES ('50', '100871', '615', '250', '3', '5');

INSERT INTO ITEM ( QTY , PRODID , ORDID , ITEMTOT , ITEMID , ACTUALPRICE)
 VALUES ('1', '101860', '608', '24', '1', '24');

INSERT INTO ITEM ( QTY , PRODID , ORDID , ITEMTOT , ITEMID , ACTUALPRICE)
 VALUES ('2', '100871', '608', '11.2', '2', '5.6');

INSERT INTO ITEM ( QTY , PRODID , ORDID , ITEMTOT , ITEMID , ACTUALPRICE)
 VALUES ('1', '100861', '609', '35', '1', '35');

INSERT INTO ITEM ( QTY , PRODID , ORDID , ITEMTOT , ITEMID , ACTUALPRICE)
 VALUES ('1', '102130', '606', '3.4', '1', '3.4');

INSERT INTO ITEM ( QTY , PRODID , ORDID , ITEMTOT , ITEMID , ACTUALPRICE)
 VALUES ('100', '100861', '605', '4500', '1', '45');

INSERT INTO ITEM ( QTY , PRODID , ORDID , ITEMTOT , ITEMID , ACTUALPRICE)
 VALUES ('500', '100870', '605', '1400', '2', '2.8');

INSERT INTO ITEM ( QTY , PRODID , ORDID , ITEMTOT , ITEMID , ACTUALPRICE)
 VALUES ('5', '100890', '605', '290', '3', '58');

INSERT INTO ITEM ( QTY , PRODID , ORDID , ITEMTOT , ITEMID , ACTUALPRICE)
 VALUES ('50', '101860', '605', '1200', '4', '24');

INSERT INTO ITEM ( QTY , PRODID , ORDID , ITEMTOT , ITEMID , ACTUALPRICE)
 VALUES ('100', '101863', '605', '900', '5', '9');

INSERT INTO ITEM ( QTY , PRODID , ORDID , ITEMTOT , ITEMID , ACTUALPRICE)
 VALUES ('10', '102130', '605', '34', '6', '3.4');

INSERT INTO ITEM ( QTY , PRODID , ORDID , ITEMTOT , ITEMID , ACTUALPRICE)
 VALUES ('100', '100871', '612', '550', '4', '5.5');

INSERT INTO ITEM ( QTY , PRODID , ORDID , ITEMTOT , ITEMID , ACTUALPRICE)
 VALUES ('50', '100871', '619', '280', '4', '5.6');


INSERT INTO PRICE (STDPRICE, STARTDATE, PRODID, MINPRICE, ENDDATE)
 VALUES ('4.8', '01-JAN-85', '100871', '3.2', '01-DEC-85');

INSERT INTO PRICE (STDPRICE, STARTDATE, PRODID, MINPRICE, ENDDATE)
 VALUES ('58', '01-JAN-85', '100890', '46.4', '');

INSERT INTO PRICE (STDPRICE, STARTDATE, PRODID, MINPRICE, ENDDATE)
 VALUES ('54', '01-JUN-84', '100890', '40.5', '31-MAY-84');

INSERT INTO PRICE (STDPRICE, STARTDATE, PRODID, MINPRICE, ENDDATE)
 VALUES ('35', '01-JUN-86', '100860', '28', '');

INSERT INTO PRICE (STDPRICE, STARTDATE, PRODID, MINPRICE, ENDDATE)
 VALUES ('32', '01-JAN-86', '100860', '25.6', '31-MAY-86');

INSERT INTO PRICE (STDPRICE, STARTDATE, PRODID, MINPRICE, ENDDATE)
 VALUES ('30', '01-JAN-85', '100860', '24', '31-DEC-85');

INSERT INTO PRICE (STDPRICE, STARTDATE, PRODID, MINPRICE, ENDDATE)
 VALUES ('45', '01-JUN-86', '100861', '36', '');

INSERT INTO PRICE (STDPRICE, STARTDATE, PRODID, MINPRICE, ENDDATE)
 VALUES ('42', '01-JAN-86', '100861', '33.6', '31-MAY-86');

INSERT INTO PRICE (STDPRICE, STARTDATE, PRODID, MINPRICE, ENDDATE)
 VALUES ('39', '01-JAN-85', '100861', '31.2', '31-DEC-85');

INSERT INTO PRICE (STDPRICE, STARTDATE, PRODID, MINPRICE, ENDDATE)
 VALUES ('2.8', '01-JAN-86', '100870', '2.4', '');

INSERT INTO PRICE (STDPRICE, STARTDATE, PRODID, MINPRICE, ENDDATE)
 VALUES ('2.4', '01-JAN-85', '100870', '1.9', '01-DEC-85');

INSERT INTO PRICE (STDPRICE, STARTDATE, PRODID, MINPRICE, ENDDATE)
 VALUES ('5.6', '01-JAN-86', '100871', '4.8', '');

INSERT INTO PRICE (STDPRICE, STARTDATE, PRODID, MINPRICE, ENDDATE)
 VALUES ('24', '15-FEB-85', '101860', '18', '');

INSERT INTO PRICE (STDPRICE, STARTDATE, PRODID, MINPRICE, ENDDATE)
 VALUES ('12.5', '15-FEB-85', '101863', '9.4', '');

INSERT INTO PRICE (STDPRICE, STARTDATE, PRODID, MINPRICE, ENDDATE)
 VALUES ('3.4', '18-AUG-85', '102130', '2.8', '');

INSERT INTO PRICE (STDPRICE, STARTDATE, PRODID, MINPRICE, ENDDATE)
 VALUES ('2.4', '15-NOV-86', '200376', '1.75', '');

INSERT INTO PRICE (STDPRICE, STARTDATE, PRODID, MINPRICE, ENDDATE)
 VALUES ('4', '15-NOV-86', '200380', '3.2', '');

CREATE INDEX PRICE_INDEX ON PRICE(PRODID, STARTDATE);

INSERT INTO PRODUCT (PRODID, DESCRIP)
 VALUES ('100860', 'ACE TENNIS RACKET I');

INSERT INTO PRODUCT (PRODID, DESCRIP)
 VALUES ('100861', 'ACE TENNIS RACKET II');

INSERT INTO PRODUCT (PRODID, DESCRIP)
 VALUES ('100870', 'ACE TENNIS BALLS-3 PACK');

INSERT INTO PRODUCT (PRODID, DESCRIP)
 VALUES ('100871', 'ACE TENNIS BALLS-6 PACK');

INSERT INTO PRODUCT (PRODID, DESCRIP)
 VALUES ('100890', 'ACE TENNIS NET');

INSERT INTO PRODUCT (PRODID, DESCRIP)
 VALUES ('101860', 'SP TENNIS RACKET');

INSERT INTO PRODUCT (PRODID, DESCRIP)
 VALUES ('101863', 'SP JUNIOR RACKET');

INSERT INTO PRODUCT (PRODID, DESCRIP)
 VALUES ('102130', 'RH: "GUIDE TO TENNIS"');

INSERT INTO PRODUCT (PRODID, DESCRIP)
 VALUES ('200376', 'SB ENERGY BAR-6 PACK');

INSERT INTO PRODUCT (PRODID, DESCRIP)
 VALUES ('200380', 'SB VITA SNACK-6 PACK');

CREATE SEQUENCE ORDID
INCREMENT BY 1
START WITH 622
NOCACHE;

CREATE SEQUENCE PRODID
INCREMENT BY 1
START WITH 200381
NOCACHE;

CREATE SEQUENCE CUSTID
INCREMENT BY 1
START WITH 109
NOCACHE;

CREATE VIEW SALES AS
SELECT REPID, ORD.CUSTID, CUSTOMER.NAME CUSTNAME, PRODUCT.PRODID,
DESCRIP PRODNAME, SUM(ITEMTOT) AMOUNT
FROM ORD, ITEM, CUSTOMER, PRODUCT
WHERE ORD.ORDID = ITEM.ORDID
AND ORD.CUSTID = CUSTOMER.CUSTID
AND ITEM.PRODID = PRODUCT.PRODID
GROUP BY REPID, ORD.CUSTID, NAME, PRODUCT.PRODID, DESCRIP;


--create table dept1 as select * from dept where 1 = 2;

CREATE TABLE LOCATION(
LOCATIONID NUMBER(4),
LOCATIONNAME VARCHAR2(10),
CONSTRAINT LOCATIONID_PRIMARY_KEY PRIMARY KEY (LOCATIONID));

INSERT INTO LOCATION VALUES (1,'NEW YORK');
INSERT INTO LOCATION VALUES (2,'DALLAS');
INSERT INTO LOCATION VALUES (3,'CHICAGO');
INSERT INTO LOCATION VALUES (4,'BOSTON');
INSERT INTO LOCATION VALUES (5,upper('California'));
INSERT INTO LOCATION VALUES (6,upper('Florida'));
INSERT INTO LOCATION VALUES (7,upper('Indiana'));
INSERT INTO LOCATION VALUES (8,upper('Maryland'));
INSERT INTO LOCATION VALUES (9,upper('Nevada'));
INSERT INTO LOCATION VALUES (10,upper('London'));
INSERT INTO LOCATION VALUES (11,upper('Geneva'));
INSERT INTO LOCATION VALUES (12,upper('roma'));
INSERT INTO LOCATION VALUES (13,upper('sydney'));
INSERT INTO LOCATION VALUES (14,upper('tokyo'));
INSERT INTO LOCATION VALUES (15,upper('toronto'));
INSERT INTO LOCATION VALUES (16,upper('venice'));
INSERT INTO LOCATION VALUES (17,upper('singapore'));
INSERT INTO LOCATION VALUES (18,upper('beijing'));
INSERT INTO LOCATION VALUES (19,upper('new delhi'));
INSERT INTO LOCATION VALUES (20,upper('mumbai'));



 CREATE TABLE DEPT1 (
 DEPTNO        NUMBER(4) NOT NULL,
 DNAME           VARCHAR2(20),
 LOCATIONID NUMBER(3),
 CONSTRAINT DEPT1_PRIMARY_KEY1 PRIMARY KEY (DEPTNO));

INSERT INTO DEPT1 VALUES (10,'ACCOUNTING','1');
INSERT INTO DEPT1 VALUES (20,'RESEARCH','2');
INSERT INTO DEPT1 VALUES (30,'SALES','3');
INSERT INTO DEPT1 VALUES (40,'OPERATIONS','4');
INSERT INTO DEPT1 VALUES (50,'PURCHASE','5');
INSERT INTO DEPT1 VALUES (60,'PRODUCTION','6');
INSERT INTO DEPT1 VALUES (70,'CONTROLS','7');
INSERT INTO DEPT1 VALUES (80,upper('Operations Research'),'8');
INSERT INTO DEPT1 VALUES (90,'FINANCE','1');
INSERT INTO DEPT1 VALUES (100,'IT','2');
INSERT INTO DEPT1 VALUES (110,'IT SUPPORT','3');
INSERT INTO DEPT1 VALUES (120,'SHIPPING','4');
INSERT INTO DEPT1 VALUES (130,'IT HELPDESK','1');
INSERT INTO DEPT1 VALUES (140,'RETAIL SALES','2');
INSERT INTO DEPT1 VALUES (150,'IT NETWORK','3');
INSERT INTO DEPT1 VALUES (160,'PUBLIC RELATIONS','4');
INSERT INTO DEPT1 VALUES (170,upper('Materials Science'),'1');
INSERT INTO DEPT1 VALUES (180,upper('Career Services'),'2');
INSERT INTO DEPT1 VALUES (190,upper('Commercial'),'5');
INSERT INTO DEPT1 VALUES (200,upper('Economics'),'6');
insert into dept1 values(201,'HRD',5);

CREATE TABLE EMP1 (
 EMPNO          NUMBER(4) NOT NULL,
 ENAME          VARCHAR2(12),
 JOB            VARCHAR2(20),
 MGR            NUMBER(4) CONSTRAINT EMP1_SELF_KEY1 REFERENCES EMP1 (EMPNO),
 HIREDATE       DATE,
 SAL            NUMBER(7,2),
 COMM           NUMBER(7,2),
 DEPTNO         NUMBER(4) NOT NULL,
 HOBBYID 		NUMBER,
 BONUSID		NUMBER,
 CONSTRAINT EMP1_FOREIGN_KEY1 FOREIGN KEY (DEPTNO) REFERENCES DEPT1 (DEPTNO),
 CONSTRAINT EMP1_PRIMARY_KEY1 PRIMARY KEY (EMPNO));

--create table emp1 as select * from emp where 1 = 2;

INSERT INTO EMP1 VALUES (7839,'KING','PRESIDENT',NULL,to_date('17-NOV-1981 04:20:24','dd-Mon-yyyy hh24:mi:ss'),5000,NULL,10,1,1);
INSERT INTO EMP1 VALUES (7698,'BLAKE','MANAGER',7839,to_date('1-MAY-1981 05:54:43','dd-Mon-yyyy hh24:mi:ss'),2850,NULL,30,3,3);
INSERT INTO EMP1 VALUES (7782,'CLARK','MANAGER',7839,to_date('9-JUN-1981 02:12:12','dd-Mon-yyyy hh24:mi:ss'),2450,NULL,10,4,5);
INSERT INTO EMP1 VALUES (7566,'JONES','MANAGER',7839,to_date('2-APR-1981 12:45:19','dd-Mon-yyyy hh24:mi:ss'),2975,NULL,20,5,7);
INSERT INTO EMP1 VALUES (7654,'MARTIN','SALESMAN',7698,to_date('28-SEP-1981 14:26:00','dd-Mon-yyyy hh24:mi:ss'),1250,1400,30,8,4);
INSERT INTO EMP1 VALUES (7499,'ALLEN','SALESMAN',7698,to_date('20-FEB-1981 07:30:00','dd-Mon-yyyy hh:mi:ss'),1600,300,30,1,8);
INSERT INTO EMP1 VALUES (7844,'TURNER','SALESMAN',7698,to_date('8-SEP-1981 08:45:00','dd-Mon-yyyy hh:mi:ss'),1500,0,30,NULL,10);
INSERT INTO EMP1 VALUES (7900,'JAMES','CLERK',7698,to_date('3-DEC-1981 09:25:00','dd-Mon-yyyy hh:mi:ss'),950,NULL,30,2,8);
INSERT INTO EMP1 VALUES (7521,'WARD','SALESMAN',7698,to_date('22-FEB-1981 10:15:00','dd-Mon-yyyy hh:mi:ss'),1250,500,30,13,3);
INSERT INTO EMP1 VALUES (7902,'FORD','ANALYST',7566,to_date('3-DEC-1981 11:00:00','dd-Mon-yyyy hh:mi:ss'),3000,NULL,20,NULL,2);
INSERT INTO EMP1 VALUES (7369,'SMITH','CLERK',7902,to_Date('17-DEC-1980 17:36:00','dd-Mon-yyyy hh24:mi:ss'),800,NULL,20,NULL,1);
INSERT INTO EMP1 VALUES (7788,'SCOTT','ANALYST',7566,to_Date('09-DEC-1982 16:12:00','dd-Mon-yyyy hh24:mi:ss'),3000,NULL,20,5,1);
INSERT INTO EMP1 VALUES (7876,'ADAMS','CLERK',7788,to_date('12-JAN-1983 18:33:00','dd-Mon-yyyy hh24:mi:ss'),1100,NULL,20,6,4);
INSERT INTO EMP1 VALUES (7934,'MILLER','CLERK',7782,to_date('23-JAN-1982 20:20:00','dd-Mon-yyyy hh24:mi:ss'),1300,NULL,10,2,3);
INSERT INTO EMP1 VALUES (5001,'AARON','SALESMAN',7902,to_date('17-NOV-1981 04:29:24','dd-Mon-yyyy hh24:mi:ss'),4500,1200,60,5,9);
INSERT INTO EMP1 VALUES (5002,upper('Alexander'),'MANAGER',7369,to_date('1-MAY-1981 05:12:43','dd-Mon-yyyy hh24:mi:ss'),2950,NULL,70,6,10);
INSERT INTO EMP1 VALUES (5003,upper('Brooke'),'CLERK',5002,to_date('9-JUN-1981 02:17:12','dd-Mon-yyyy hh24:mi:ss'),2222,NULL,100,1,10);
INSERT INTO EMP1 VALUES (6001,upper('Bruce'),upper('Personal assistant'),5002,to_date('2-APR-1981 12:35:19','dd-Mon-yyyy hh24:mi:ss'),4975,NULL,80,4,6);
INSERT INTO EMP1 VALUES (6002,upper('Christopher'),upper('Personal assistant'),7844,to_date('28-SEP-1981 14:26:00','dd-Mon-yyyy hh24:mi:ss'),4250,NULL,180,2,3);
INSERT INTO EMP1 VALUES (6003,upper('Clive'),upper('Assistant'),7698,to_date('20-FEB-1981 07:40:00','dd-Mon-yyyy hh:mi:ss'),3600,NULL,120,5,1);
INSERT INTO EMP1 VALUES (7005,upper('Dirk'),upper('Assistant'),7698,to_date('8-SEP-1981 08:15:00','dd-Mon-yyyy hh:mi:ss'),1500,NULL,60,4,6);
INSERT INTO EMP1 VALUES (7006,upper('Eli'),upper('Personal assistant'),7521,to_date('3-DEC-1981 09:35:00','dd-Mon-yyyy hh:mi:ss'),5400,NULL,70,3,7);
INSERT INTO EMP1 VALUES (7007,upper('Ely'),upper('Assistant'),7788,to_date('22-FEB-1981 10:10:00','dd-Mon-yyyy hh:mi:ss'),5250,NULL,140,3,7);
INSERT INTO EMP1 VALUES (8009,upper('Shelley'),'MANAGER',7839,to_date('3-DEC-1981 11:00:00','dd-Mon-yyyy hh:mi:ss'),6000,NULL,180,NULL,1);
INSERT INTO EMP1 VALUES (8003,upper('Thomas'),upper('Personal assistant'),8009,to_Date('17-DEC-1980 17:36:00','dd-Mon-yyyy hh24:mi:ss'),4900,NULL,50,NULL,2);
INSERT INTO EMP1 VALUES (7388,upper('Troy'),'ANALYST',8009,to_Date('09-DEC-1982 16:12:00','dd-Mon-yy hh24:mi:ss'),4100,NULL,160,7,5);
INSERT INTO EMP1 VALUES (7877,upper('Stephen'),upper('Assistant'),7788,to_date('12-JAN-1983 18:33:00','dd-Mon-yy hh24:mi:ss'),1100,NULL,130,6,9);
INSERT INTO EMP1 VALUES (4934,upper('Sherlock'),'CLERK',8009,to_date('23-JAN-1982 20:20:00','dd-Mon-yy hh24:mi:ss'),1600,NULL,40,1,1);
INSERT INTO EMP1 VALUES (2099,upper('Sherlock'),'CLERK',8009,to_date('23-JAN-1982 20:22:00','dd-Mon-yy hh24:mi:ss'),1600,NULL,40,3,6);
INSERT INTO EMP1 VALUES (2877,upper('Stephen'),upper('Assistant'),7788,to_date('12-JAN-1983 18:35:00','dd-Mon-yy hh24:mi:ss'),1100,NULL,40,4,3);
INSERT INTO EMP1 VALUES (3000,'Aaron','Salesman',7877,to_date('17-NOV-1981 04:29:24','dd-Mon-yyyy hh24:mi:ss'),4500,1200,60,7,4);
INSERT INTO EMP1 VALUES (3001,('Alexander'),'Manager',7369,to_date('1-MAY-1981 05:12:43','dd-Mon-yyyy hh24:mi:ss'),2950,NULL,90,2,1);
INSERT INTO EMP1 VALUES (3002,('Brooke'),'Clerk',5002,to_date('9-JUN-1981 02:17:12','dd-Mon-yyyy hh24:mi:ss'),2222,NULL,50,5,3);
INSERT INTO EMP1 VALUES (3003,('Bruce'),('Personal Assistant'),5002,to_date('2-APR-1981 12:35:19','dd-Mon-yyyy hh24:mi:ss'),4975,NULL,120,1,5);
INSERT INTO EMP1 VALUES (3467,('Christopher'),('Personal Assistant'),7844,to_date('28-SEP-1981 14:26:00','dd-Mon-yyyy hh24:mi:ss'),4250,NULL,190,2,7);
INSERT INTO EMP1 VALUES (3267,('Clive'),('Assistant'),5002,to_date('20-FEB-1981 07:40:00','dd-Mon-yyyy hh:mi:ss'),3600,NULL,50,3,8);
INSERT INTO EMP1 VALUES (3598,('Dirk'),('Assistant'),7698,to_date('8-SEP-1981 08:15:00','dd-Mon-yyyy hh:mi:ss'),1500,NULL,60,NULL,6);
INSERT INTO EMP1 VALUES (3189,('Eli'),('Personal Assistant'),3001,to_date('3-DEC-1981 09:35:00','dd-Mon-yyyy hh:mi:ss'),5400,NULL,30,4,1);
INSERT INTO EMP1 VALUES (3745,lower('Ely'),lower('Assistant'),7788,to_date('22-FEB-1981 10:10:00','dd-Mon-yyyy hh:mi:ss'),5250,NULL,150,4,2);
INSERT INTO EMP1 VALUES (3244,lower('Shelley'),'manager',7839,to_date('3-DEC-1981 11:00:00','dd-Mon-yyyy hh:mi:ss'),6000,NULL,170,5,4);
INSERT INTO EMP1 VALUES (9822,lower('Troy'),'analyst',3000,to_Date('09-DEC-1982 16:12:00','dd-Mon-yy hh24:mi:ss'),3100,NULL,40,6,6);
INSERT INTO EMP1 VALUES (9341,lower('Thomas'),lower('Personal assistant'),9822,to_Date('17-DEC-1980 17:36:00','dd-Mon-yyyy hh24:mi:ss'),4900,NULL,200,NULL,1);
INSERT INTO EMP1 VALUES (9874,lower('Stephen'),lower('Assistant'),3001,to_date('12-JAN-1983 18:33:00','dd-Mon-yy hh24:mi:ss'),1100,NULL,170,NULL,9);
INSERT INTO EMP1 VALUES (9452,lower('Sherlock'),'clerk',9822,to_date('23-JAN-1982 20:20:00','dd-Mon-yy hh24:mi:ss'),1600,NULL,130,NULL,4);
INSERT INTO EMP1 VALUES (9434,lower('Sherlock'),'clerk',9874,to_date('23-JAN-1982 20:22:00','dd-Mon-yy hh24:mi:ss'),1600,NULL,40,NULL,5);
INSERT INTO EMP1 VALUES (9277,lower('Stephen'),lower('Assistant'),3467,to_date('12-JAN-1983 18:35:00','dd-Mon-yy hh24:mi:ss'),1100,NULL,110,NULL,4);
INSERT INTO EMP1 VALUES (6345,lower('Jay'),'analyst',8009,to_Date('09-DEC-1982 17:12:00','dd-Mon-yy hh24:mi:ss'),-3100,NULL,50,NULL,null);
INSERT INTO EMP1 VALUES (6774,lower('Joe'),lower('Assistant'),7788,to_date('13-JAN-1983 18:33:00','dd-Mon-yy hh24:mi:ss'),-1100,NULL,190,2,null);
INSERT INTO EMP1 VALUES (6342,lower('Joel'),'clerk',8009,to_date('23-JAN-1982 22:20:00','dd-Mon-yy hh24:mi:ss'),-1600,NULL,50,NULL,null);
INSERT INTO EMP1 VALUES (6980,lower('Louis'),'clerk',8009,to_date('23-JAN-1982 21:22:00','dd-Mon-yy hh24:mi:ss'),-1600,NULL,30,NULL,null);
INSERT INTO EMP1 VALUES (6843,lower('Matthew'),lower('Assistant'),7788,to_date('12-JAN-1983 19:35:00','dd-Mon-yy hh24:mi:ss'),-1100,NULL,100,NULL,null);
INSERT INTO EMP1 VALUES (1000,'Alice','Manager',7839,to_date('12-Aug-1983 19:35:00','dd-Mon-yy hh24:mi:ss'),9000,NULL,150,4,1);
INSERT INTO EMP1 VALUES (1001,'Victor','Assistant Manager',1000,to_date('25-Dec-1983 11:35:00','dd-Mon-yy hh24:mi:ss'),8000,NULL,150,1,4);
INSERT INTO EMP1 VALUES (1002,'Jack','Assistant',1001,to_date('25-Dec-1983 11:35:00','dd-Mon-yy hh24:mi:ss'),7000,NULL,150,NULL,4);
INSERT INTO EMP1 VALUES (1003,'William','Assistant',1001,to_date('30-Dec-1984 12:00:00','dd-Mon-yy hh24:mi:ss'),7000,NULL,150,4,1);
INSERT INTO EMP1 VALUES (1004,'Rose','Assistant Manager',1000,to_date('30-Jan-1985 12:24:00','dd-Mon-yy hh24:mi:ss'),8000,NULL,150,NULL,7);
INSERT INTO EMP1 VALUES (1005,'Kate','Assistant Analyst',7388,to_date('30-Jan-1985 12:24:00','dd-Mon-yy hh24:mi:ss'),3000,NULL,160,NULL,9);
INSERT INTO EMP1 VALUES (1006,'William','Salesman',7388,to_date('13-Feb-1980 21:00:00','dd-Mon-yy hh24:mi:ss'),23700,1200,160,NULL,8);
INSERT INTO EMP1 VALUES (1007,'Matthew','Salesman',1005,to_date('28-Feb-1980 21:00:00','dd-Mon-yy hh24:mi:ss'),4700,1200,160,4,3);
INSERT INTO EMP1 VALUES (1008,'MAI','SALESGIRL',1000,to_date('25-Dec-2001 11:35:00','dd-Mon-yy hh24:mi:ss'),8000,111,150,5,2);
INSERT INTO EMP1 VALUES (1009,'ZARIA','SALESGIRL',1001,to_date('25-Dec-2002 11:35:00','dd-Mon-yy hh24:mi:ss'),7000,555,150,3,6);
INSERT INTO EMP1 VALUES (1010,'MAYA','SALESGIRL',1001,to_date('30-Dec-2003 12:00:00','dd-Mon-yy hh24:mi:ss'),7000,120,150,2,7);
INSERT INTO EMP1 VALUES (1011,'ROSE','SALESGIRL',1000,to_date('30-Jan-2004 12:24:00','dd-Mon-yy hh24:mi:ss'),18000,250,150,1,3);
INSERT INTO EMP1 VALUES (1012,'KATE','SALESGIRL',7388,to_date('30-Jan-2005 12:24:00','dd-Mon-yy hh24:mi:ss'),3000,900,160,3,9);
INSERT INTO EMP1 VALUES (1013,'TINA','SALESGIRL',7388,to_date('13-Feb-2006 21:00:00','dd-Mon-yy hh24:mi:ss'),13700,2400,160,5,10);
INSERT INTO EMP1 VALUES (1014,'MARY','SALESGIRL',1005,to_date('28-Feb-2007 21:00:00','dd-Mon-yy hh24:mi:ss'),20000,1550,160,2,1);
INSERT INTO EMP1 VALUES (1015,'TESSA','SALESGIRL',1005,to_date('28-Feb-2008 21:00:00','dd-Mon-yy hh24:mi:ss'),14700,1100,160,3,5);
INSERT INTO EMP1 VALUES (1016,'STEVEN','Assistant',1004,to_date('12-JAN-1983 18:35:00','dd-Mon-yy hh24:mi:ss'),-9500,NULL,40,NULL,null);

commit;

CREATE TABLE EMP2(
 EMPNO          NUMBER(4) NOT NULL,
 ENAME          VARCHAR2(12),
 JOB            VARCHAR2(20),
 HIREDATE       DATE,
 SAL            NUMBER(7,2),
 COMM           NUMBER(7,2),
 DEPTNO         NUMBER(4) NOT NULL,
 HOBBYID		NUMBER,
 BONUSID		NUMBER,
 CONSTRAINT EMP2_FOREIGN_KEY2 FOREIGN KEY (DEPTNO) REFERENCES DEPT1 (DEPTNO),
 CONSTRAINT EMP2_PRIMARY_KEY2 PRIMARY KEY (EMPNO));

insert into emp2 select empno,ename,job,hiredate,sal,comm,deptno,hobbyid,BONUSID from emp1;

CREATE TYPE LOCATIONTYPE AS OBJECT
(LOCATIONID NUMBER(3),
LOCATIONNAME VARCHAR2(10));
/

CREATE TABLE DEPT2 (
 DEPTNO        NUMBER(4) NOT NULL,
 DNAME         VARCHAR2(20),
 LOC 	       LOCATIONTYPE,
 CONSTRAINT DEPT2_PRIMARY_KEY2 PRIMARY KEY (DEPTNO));

INSERT INTO DEPT2 VALUES (10,'ACCOUNTING',locationtype('1','NEW YORK'));
INSERT INTO DEPT2 VALUES (20,'RESEARCH',locationtype('2','DALLAS'));
INSERT INTO DEPT2 VALUES (30,'SALES',locationtype('3','CHICAGO'));
INSERT INTO DEPT2 VALUES (40,'OPERATIONS',locationtype('4','BOSTON'));
INSERT INTO DEPT2 VALUES (50,'PURCHASE',locationtype('5',upper('California')));
INSERT INTO DEPT2 VALUES (60,'PRODUCTION',locationtype('6',upper('Florida')));
INSERT INTO DEPT2 VALUES (70,'CONTROLS',locationtype('7',upper('Indiana')));
INSERT INTO DEPT2 VALUES (80,'OPERATIONS RESEARCH',locationtype('8','MARYLAND'));
INSERT INTO DEPT2 VALUES (90,'FINANCE',locationtype('1','NEW YORK'));
INSERT INTO DEPT2 VALUES (100,'IT',locationtype('2','DALLAS'));
INSERT INTO DEPT2 VALUES (110,'IT SUPPORT',locationtype('3','CHICAGO'));
INSERT INTO DEPT2 VALUES (120,'SHIPPING',locationtype('4','BOSTON'));
INSERT INTO DEPT2 VALUES (130,'IT HELPDESK',locationtype('1','NEW YORK'));
INSERT INTO DEPT2 VALUES (140,'RETAIL SALES',locationtype('2','DALLAS'));
INSERT INTO DEPT2 VALUES (150,'IT NETWORK',locationtype('3','CHICAGO'));
INSERT INTO DEPT2 VALUES (160,'PUBLIC RELATIONS',locationtype('4','BOSTON'));
INSERT INTO DEPT2 VALUES (170,'MATERIALS SCIENCE',locationtype('1','NEW YORK'));
INSERT INTO DEPT2 VALUES (180,'CAREER',locationtype('2','DALLAS'));
INSERT INTO DEPT2 VALUES (190,'COMMERCIAL',locationtype('5',upper('California')));
INSERT INTO DEPT2 VALUES (200,'ECONOMICS',locationtype('6',upper('Florida')));
insert into dept2 values(201,'HRD',locationtype(5,upper('California')));

CREATE TYPE VLOCATION AS VARRAY(5) OF NUMBER(3);
/

CREATE TABLE DEPT3 (
 DEPTNO        NUMBER(4) NOT NULL,
 DNAME         VARCHAR2(20),
 LOC 	       VLOCATION,
 CONSTRAINT DEPT3_PRIMARY_KEY3 PRIMARY KEY (DEPTNO));

INSERT INTO DEPT3 VALUES (10,'ACCOUNTING', VLOCATION(1,2,3,16,19));
INSERT INTO DEPT3 VALUES (20,'RESEARCH',VLOCATION(2,3,4,8,10));
INSERT INTO DEPT3 VALUES (30,'SALES', VLOCATION(1,3,4,19,20));
INSERT INTO DEPT3 VALUES (40,'OPERATIONS', VLOCATION(3,4,5,7,15));
INSERT INTO DEPT3 VALUES (50,'PURCHASE', VLOCATION(4,5,6,10,11));
INSERT INTO DEPT3 VALUES (60,'PRODUCTION', VLOCATION(1,2,5,15,20));
INSERT INTO DEPT3 VALUES (70,upper('Controls'), VLOCATION(3,5,6,12,13));
INSERT INTO DEPT3 VALUES (80,upper('Operations Research'), VLOCATION(3,4,5,17,13));
INSERT INTO DEPT3 VALUES (90,'FINANCE', VLOCATION(1,2,3,17,20));
INSERT INTO DEPT3 VALUES (100,'IT',VLOCATION(2,3,4,10,14));
INSERT INTO DEPT3 VALUES (110,'IT SUPPORT', VLOCATION(1,3,4,11,12));
INSERT INTO DEPT3 VALUES (120,'SHIPPING', VLOCATION(3,4,5,11,13));
INSERT INTO DEPT3 VALUES (130,'IT HELPDESK', VLOCATION(4,5,6,14,17));
INSERT INTO DEPT3 VALUES (140,'RETAIL SALES', VLOCATION(1,2,5,16,9));
INSERT INTO DEPT3 VALUES (150,'IT NETWORK', VLOCATION(3,5,6,9,10));
INSERT INTO DEPT3 VALUES (160,'PUBLIC RELATIONS', VLOCATION(3,4,5,18,19));
INSERT INTO DEPT3 VALUES (170,'MATERIALS SCIENCE', VLOCATION(4,5,6,7,20));
INSERT INTO DEPT3 VALUES (180,'CAREER', VLOCATION(1,2,5,14,16));
INSERT INTO DEPT3 VALUES (190,'COMMERCIAL', VLOCATION(3,5,6,12,13));
INSERT INTO DEPT3 VALUES (200,'ECONOMICS', VLOCATION(3,4,5,16,19));
insert into dept3 values(201,'HRD',vlocation(5));


create table regexp(C1 VARCHAR2(40));


INSERT INTO regexp VALUES ('abcde');
INSERT INTO regexp VALUES ('12345');
INSERT INTO regexp VALUES ('1a4A5');
INSERT INTO regexp VALUES ('12a45');
INSERT INTO regexp VALUES ('12aBC');
INSERT INTO regexp VALUES ('12abc');
INSERT INTO regexp VALUES ('12ab5');
INSERT INTO regexp VALUES ('12aa5');
INSERT INTO regexp VALUES ('12AB5');
INSERT INTO regexp VALUES ('ABCDE');
INSERT INTO regexp VALUES ('123-5');
INSERT INTO regexp VALUES ('12.45');
INSERT INTO regexp VALUES ('1a4b5');
INSERT INTO regexp VALUES ('1 3 5');
INSERT INTO regexp VALUES ('1  45');
INSERT INTO regexp VALUES ('1   5');
INSERT INTO regexp VALUES ('a  b  c  d');
INSERT INTO regexp VALUES ('a b  c   d    e');
INSERT INTO regexp VALUES ('a              e');
INSERT INTO regexp VALUES ('Steven');
INSERT INTO regexp VALUES ('Stephen');
INSERT INTO regexp VALUES ('STEVEN');
INSERT INTO regexp VALUES ('STEPHEN');
INSERT INTO regexp VALUES ('111.222.3333');
INSERT INTO regexp VALUES ('222.333.4444');
INSERT INTO regexp VALUES ('333.444.5555');
INSERT INTO regexp VALUES ('abcdefabcdefabcxyz');
INSERT INTO regexp VALUES ('SA/1001 SA/1002 SA/1003');
INSERT INTO regexp VALUES ('sa/1001 sa/1002 sa/1003 sa/1004');
INSERT INTO regexp VALUES ('Sa/1001 Sa/1002 Sa/1003 Sa/1004 Sa/1005');
	

create table temp1
(col1 number(2),
 col2 varchar2(25)
);

insert into temp1 values(1,'25%');
insert into temp1 values(2,'1.st%');
insert into temp1 values(3,'30.12%');
insert into temp1 values(4,'12^4');
insert into temp1 values(5,'1^2^3');
insert into temp1 values(6,'56*12*.12');
insert into temp1 values(7,'1st number');
insert into temp1 values(8,'Rs. 1000');
insert into temp1 values(9,'$5000');
insert into temp1 values(10,'ABB+');
insert into temp1 values(11,'_ABB');
insert into temp1 values(12,'A_BB');
insert into temp1 values(13,'CNN');
insert into temp1 values(14,'C_N_N');
insert into temp1 values(15,'CN_N');
insert into temp1 values(16,'ABB_');
insert into temp1 values(17,'AB_B');
insert into temp1 values(18,'%ABB');
insert into temp1 values(19,'A%B%B');
insert into temp1 values(20,'L&T');
insert into temp1 values(21,'L_&_T');
insert into temp1 values(22,'ABB-200');
insert into temp1 values(23,'ABB:200');
insert into temp1 values(24,'ABB_200');
insert into temp1 values(25,'ABB/200/300');
insert into temp1 values(26,'AC/100, AC/200, AC/300');
insert into temp1 values(27,'A_B\C');
insert into temp1 values(28,'A_B_\C');
insert into temp1 values(29,'A\_BC');


create table sort
(	
 no varchar2(10),
 no1 char(10)
);

insert all
	into sort values('1','1')
	into sort values('2','2')
	into sort values('3','3')
	into sort values('4','4')
	into sort values('5','5')
	into sort values('6','6')
	into sort values('7','7')
	into sort values('8','8')
	into sort values('9','9')
	into sort values('10','10')
	into sort values('11','11')
	into sort values('12','12')
	into sort values('19','19')
	into sort values('18','18')
	into sort values('13','13')
	into sort values('14','14')
	into sort values('20','20')
	into sort values('27','27')
	into sort values('29','29')
	into sort values('21','21')
	into sort values('22','22')
	into sort values('23','23')
	into sort values('30','30')
	into sort values('31','31')
	into sort values('45','45')
	into sort values('39','39')
	into sort values('40','40')	
	into sort values('400','400')	
	into sort values('300','300')	
	into sort values('200','200')	
	into sort values('100','100')	
	into sort values('-1','-1')	
	into sort values('-2','-2')	
	into sort values('-3','-3')	
	into sort values('01','01')	
	into sort values('03','03')	
	into sort values('02','02')	
select * from dual;

create table tableA
(col1 number,
col2 number);

insert all
into tablea values(1,2)
into tablea values(3,4)
into tablea values(5,6)
into tablea values(7,8)
into tablea values(9,10)
into tablea values(11,12)
into tablea values(13,14)
select * from dual;

create table tableB
(col3 number,
col4 number);

insert all
into tableb values(5,7)
into tableb values(3,8)
into tableb values(1,4)
into tableb values(8,7)
into tableb values(Null,10)
into tableb values(11,12)
select * from dual;

purge recyclebin;

update emp2 set empno=rownum;

commit;
set define on